<?xml version='1.0' encoding='utf-8'?>
<!DOCTYPE hibernate-configuration PUBLIC
"-//Hibernate/Hibernate Configuration DTD 3.0//EN"
"http://www.hibernate.org/dtd/hibernate-configuration-3.0.dtd">

<hibernate-configuration>
    <session-factory>
        
        <property name="hibernate.dialect">org.hibernate.dialect.MySQL8Dialect</property> 
        
        <property name="hibernate.connection.driver_class">com.mysql.cj.jdbc.Driver</property>
        
       <property name="hibernate.connection.url">jdbc:mysql://127.0.0.1:3306/TrabalhoConstantino?useTimezone=true&amp;serverTimezone=UTC&amp;useSSL=false&amp;allowPublicKeyRetrieval=true</property>
       <property name="hibernate.connection.username">root</property>
       <property name="hibernate.connection.password">2004</property>
        
        <property name="show_sql">true</property>
        
        <property name="format_sql">true</property>
        
        <property name="hbm2ddl.auto">update</property>
        
        
        <mapping class="Models.Aluno"/>
        
    </session-factory>
</hibernate-configuration>